{"eyebrow_troubled_left":20,"eyebrow_troubled_right":-3.500000000000002,"eyebrow_angry_left":-2.9000000000000017,"eyebrow_angry_right":-2.9000000000000017,"eyebrow_serious_left":-2.200000000000001,"eyebrow_serious_right":-1.8000000000000007,"eyebrow_happy_left":-0.30000000000000016,"eyebrow_happy_right":-1.2000000000000002,"eyebrow_lowered_left":-1.2100000000000002,"eyebrow_lowered_right":-2.4000000000000012,"eyebrow_raised_left":-3.200000000000002,"eyebrow_raised_right":-1.4800000000000009,"eye_wink_left":-0.64,"eye_wink_right":-0.88,"eye_happy_wink_left":-2.200000000000001,"eye_happy_wink_right":-0.5700000000000002,"eye_relaxed_left":-3.100000000000002,"eye_relaxed_right":-2.100000000000001,"eye_unimpressed_left":-3.6000000000000023,"eye_unimpressed_right":-0.42000000000000004,"eye_raised_lower_eyelid_left":-4.500000000000001,"eye_raised_lower_eyelid_right":-0.6,"eye_surprised_left":37,"eye_surprised_right":-2.4000000000000012,"iris_small_left":-1,"iris_small_right":-3.200000000000002,"mouth_aaa":2.2,"mouth_iii":0.2999999999999999,"mouth_uuu":-2.5000000000000013,"mouth_eee":-2.5000000000000013,"mouth_ooo":0.24999999999999983,"mouth_delta":2.3000000000000007,"mouth_smirk":-0.8,"mouth_raised_corner_left":-4.6,"mouth_raised_corner_right":-1.3000000000000003,"mouth_lowered_corner_left":-0.7300000000000001,"mouth_lowered_corner_right":2.500000000000001,"location":"models/mmd/『天宮こころ(Kokoro Amamiya)』/『天宮こころ(Kokoro Amamiya)』.pmx"}