{"eyebrow_troubled_left":-6.599999999999993,"eyebrow_troubled_right":-3.500000000000002,"eyebrow_angry_left":-1.6000000000000005,"eyebrow_angry_right":-0.9,"eyebrow_serious_left":-1.6000000000000005,"eyebrow_serious_right":-0.8,"eyebrow_happy_left":-0.09000000000000002,"eyebrow_happy_right":-0.7000000000000001,"eyebrow_lowered_left":-0.9,"eyebrow_lowered_right":2.9000000000000012,"eyebrow_raised_left":-2.8000000000000016,"eyebrow_raised_right":-0.6000000000000001,"eye_wink_left":-0.7000000000000001,"eye_wink_right":-0.9,"eye_happy_wink_left":-1.4000000000000004,"eye_happy_wink_right":-0.5000000000000001,"eye_relaxed_left":-1.3000000000000003,"eye_relaxed_right":-1.8000000000000007,"eye_unimpressed_left":-1.9000000000000008,"eye_unimpressed_right":-0.5000000000000001,"eye_raised_lower_eyelid_left":-2.000000000000001,"eye_raised_lower_eyelid_right":-0.6000000000000001,"eye_surprised_left":-4.000000000000004,"eye_surprised_right":-1.8000000000000007,"iris_small_left":-1.1,"iris_small_right":-2.8000000000000016,"mouth_aaa":4.100000000000001,"mouth_iii":5.299999999999997,"mouth_uuu":-2.5000000000000013,"mouth_eee":-0.40000000000000013,"mouth_ooo":-1.9000000000000004,"mouth_delta":-0.30000000000000004,"mouth_smirk":-0.30000000000000016,"mouth_raised_corner_left":-2.1000000000000005,"mouth_raised_corner_right":-1.2000000000000002,"mouth_lowered_corner_left":-0.10000000000000014,"mouth_lowered_corner_right":0.6999999999999998,"location":"models/mmd/るいのれ式物述有栖_配布用フォルダ/物述有栖.pmx"}